2026年8月末時点,,,,,,,,,,,
変電所 No,変電所名,電圧(一次)（kV）,電圧(二次)（kV）,台数,設備容量(100%×台数)（MW）,運用容量値（MW）,運用容量制約要因,当該設備の空容量（MW）,平常時出力制御の可能性,平常時出力制御の可能性がある上位系設備,備考
1 -1,糸満変電所,66,6.6,2,28,28,熱容量,12,-,-,※１
2 -1,阿波根変電所,66,6.6,3,57,57,熱容量,19,-,-,※１
3 -2,与根変電所,66,6.6,1,19,19,熱容量,19,-,-,※１
4 -2,友寄変電所,66,6.6,2,33,33,熱容量,14,-,-,※１
5 -1,具志頭変電所,66,6.6,1,19,19,熱容量,15,-,-,※１
6 -1,佐敷変電所,66,6.6,2,28,28,熱容量,12,-,-,※１
7 -1,高安変電所,66,6.6,2,38,38,熱容量,19,-,-,※１
8 -1,小禄変電所,66,6.6,2,38,38,熱容量,19,-,-,※１
9 -2,那覇変電所,66,6.6,2,38,38,熱容量,19,-,-,※１
10 -1,東町変電所,66,6.6,2,56,56,熱容量,28,-,-,※１
11 -1,壷川変電所,66,6.6,2,56,56,熱容量,28,-,-,※１
12 -1,松尾変電所,66,6.6,2,56,56,熱容量,28,-,-,※１
13 -1,古波蔵変電所,66,6.6,1,28,28,熱容量,28,-,-,※１
14 -1,真玉橋変電所,66,6.6,2,33,33,熱容量,14,-,-,※１
15 -1,上間変電所,66,6.6,2,56,56,熱容量,28,-,-,※１
16 -1,南風原変電所,66,6.6,2,38,38,熱容量,19,-,-,※１
17 -2,与那原変電所,66,6.6,2,38,38,熱容量,19,-,-,※１
18 -1,繁多川変電所,66,6.6,2,56,56,熱容量,28,-,-,※１
19 -2,牧志変電所,66,6.6,2,56,56,熱容量,28,-,-,※１
20 -1,久茂地変電所,66,6.6,2,56,56,熱容量,28,-,-,※１
21 -2,西那覇変電所,66,6.6,1,28,28,熱容量,28,-,-,※１
22 -1,泊変電所,66,6.6,3,66,66,熱容量,19,-,-,※１
23 -1,曙変電所,66,6.6,1,28,28,熱容量,28,-,-,※１
24 -1,勢理客変電所,66,6.6,2,56,56,熱容量,28,-,-,※１
25 -1,宮城変電所,66,6.6,2,38,38,熱容量,19,-,-,※１
26 -1,城間変電所,66,6.6,2,38,38,熱容量,19,-,-,※１
27 -3,北那覇変電所,66,6.6,2,38,38,熱容量,19,-,-,※１
28 -1,大名変電所,66,6.6,2,38,38,熱容量,19,-,-,※１
29 -1,安室変電所,66,6.6,1,19,19,熱容量,19,-,-,※１
31 -2,小那覇変電所,66,6.6,2,38,38,熱容量,19,-,-,※１
32 -1,前田変電所,66,6.6,2,56,56,熱容量,28,-,-,※１
33 -1,浦添変電所,66,6.6,2,56,56,熱容量,28,-,-,※１
34 -2,牧港第一変電所,66,6.6,2,38,38,熱容量,19,-,-,※１
35 -2,大山変電所,66,6.6,2,38,38,熱容量,19,-,-,※１
36 -1,普天間変電所,66,6.6,1,19,19,熱容量,19,-,-,※１
37 -1,南上原変電所,66,6.6,2,38,38,熱容量,19,-,-,※１
38 -1,安谷屋変電所,66,6.6,1,19,19,熱容量,19,-,-,※１
40 -2,渡口変電所,66,6.6,2,38,38,熱容量,19,-,-,※１
41 -1,瑞慶覧変電所,66,6.6,1,19,19,熱容量,19,-,-,※１
42 -1,桑江変電所,66,6.6,1,17,17,熱容量,17,-,-,※１
43 -2,北谷変電所,66,6.6,2,38,38,熱容量,19,-,-,※１
44 -2,島袋変電所,66,6.6,1,28,28,熱容量,28,-,-,※１
46 -1,中の町変電所,66,6.6,2,38,38,熱容量,19,-,-,※１
47 -1,高原変電所,66,6.6,2,38,38,熱容量,19,-,-,※１
48 -2,美里変電所,66,6.6,2,38,38,熱容量,19,-,-,※１
49 -2,中城湾変電所,66,6.6,2,38,38,熱容量,19,-,-,※１
50 -1,知花変電所,66,6.6,2,38,38,熱容量,19,-,-,※１
51 -1,喜仲変電所,66,6.6,2,38,38,熱容量,19,-,-,※１
52 -2,与勝変電所,66,6.6,2,38,38,熱容量,18,-,-,※１
53 -1,平安座変電所,66,6.6,2,18,18,熱容量,8,-,-,※１
55 -1,天願変電所,66,6.6,1,19,19,熱容量,19,-,-,※１
57 -1,座喜味変電所,66,6.6,2,25,25,熱容量,10,-,-,※１
58 -1,伊良皆第一変電所,66,6.6,1,19,19,熱容量,19,-,-,※１
59 -1,屋良変電所,66,6.6,2,28,28,熱容量,14,-,-,※１
60 -1,伊波変電所,66,6.6,2,38,38,熱容量,18,-,-,※１
61 -2,仲石変電所,66,6.6,1,14,14,熱容量,14,-,-,※１
63 -1,石川変電所,66,6.6,1,19,19,熱容量,19,-,-,※１
65 -2,冨着変電所,66,6.6,1,14,14,熱容量,14,-,-,※１
67 -1,新金武変電所,66,6.6,2,18,18,熱容量,9,-,-,※１
68 -1,恩納変電所,66,6.6,1,14,14,熱容量,14,-,-,※１
69 -1,安富祖変電所,66,6.6,1,19,19,熱容量,19,-,-,※１
70 -1,喜瀬変電所,66,6.6,1,14,14,熱容量,14,-,-,※１
71 -1,松田変電所,66,6.6,1,14,14,熱容量,13,-,-,※１
72 -2,辺野古変電所,66,6.6,1,8,8,熱容量,7,-,-,※１
74 -1,名護変電所,66,6.6,2,28,28,熱容量,14,-,-,※１
75 -1,新名護変電所,66,6.6,2,38,38,熱容量,19,-,-,※１
76 -1,安和変電所,66,6.6,2,38,38,熱容量,18,-,-,※１
77 -2,今帰仁変電所,66,6.6,1,19,19,熱容量,14,-,-,※１
78 -1,本部変電所,66,6.6,2,28,28,熱容量,11,-,-,※１
79 -2,海洋博変電所,66,6.6,1,14,14,熱容量,12,-,-,※１
82 -1,羽地変電所,66,6.6,1,14,14,熱容量,10,-,-,※１
83 -2,大保変電所,66,6.6,1,9,9,熱容量,4,-,-,※１
84 -1,慶佐次変電所,13.8,6.6,1,9,9,熱容量,4,-,-,※１
85 -2,奥間変電所,66,6.6,1,9,9,熱容量,9,-,-,※１
87 -1,真壁変電所,66,6.6,1,19,19,熱容量,11,-,-,※１
89 -1,伊平変電所,66,6.6,1,19,19,熱容量,19,-,-,※１
93 -1,ギンバル変電所,66,6.6,1,19,19,熱容量,16,-,-,※１
